amfi_code,cagr_1yr,cagr_3yr,cagr_5yr,scheme_name,fund_house,expense_ratio_pct,sharpe_ratio,sortino_ratio,alpha,beta,max_drawdown,peak_date,trough_date,rank_3yr_return,rank_sharpe,rank_alpha,rank_expense_inverse,rank_max_dd_inverse,fund_score
148567,0.20360678307711866,0.3400091602163293,,Mirae Asset Large Cap Fund - Regular - Growth,Mirae Asset MF,1.46,1.4482911703262595,2.385644373368818,0.2698375144191807,0.023683558075848623,-0.11265729075028275,2023-07-11,2023-10-20,0.975,1.0,0.85,0.45,0.825,86.25
120505,0.29604659337893646,0.317775371512347,,ICICI Pru Midcap Fund - Regular - Growth,ICICI Prudential MF,1.36,1.1801011976606495,2.0293529404657464,0.2926358334175106,0.000549004250631712,-0.18188513572116294,2024-10-24,2025-01-23,0.9,0.9,0.95,0.65,0.4,82.25000000000001
120843,0.26657081760850154,0.2958277033726251,,Kotak Flexicap Fund - Regular - Growth,Kotak Mahindra MF,1.45,1.3067439695428407,2.364320032166718,0.27330465038306057,-0.02282956979242654,-0.1297396816518679,2022-03-07,2022-04-13,0.85,0.975,0.9,0.475,0.7,82.0
100033,0.5323239623092084,0.32442459421956116,,HDFC Mid-Cap Opportunities Fund - Regular - Growth,HDFC Mutual Fund,1.38,1.0936987435346308,1.8291339615146942,0.2719535450128533,0.0051035258305283104,-0.16217208574644848,2022-03-11,2022-05-12,0.925,0.85,0.875,0.6,0.525,80.75
120504,0.13064279264417977,0.3248742855621496,,ICICI Pru Bluechip Fund - Direct - Growth,ICICI Prudential MF,0.8,1.0265242847993004,1.8052937940992548,0.2119482701352573,0.016232169761417007,-0.12588275606922517,2022-10-04,2023-05-30,0.95,0.775,0.7,0.725,0.725,80.0
119094,0.22261065131342206,0.35111802096428524,,Axis Midcap Fund - Regular - Growth,Axis Mutual Fund,1.38,0.9982309868636414,1.7037974802463003,0.2607666908004223,-0.06626542862803757,-0.20960883862039192,2022-04-14,2022-08-11,1.0,0.75,0.8,0.6,0.325,76.99999999999999
119551,0.6043734071403091,0.3045652442030289,,SBI Bluechip Fund - Regular Plan - Growth,SBI Mutual Fund,1.54,1.2082665673727175,2.140267129061793,0.23201007160635082,-0.03175144113890972,-0.1501238549864533,2023-08-24,2024-02-05,0.875,0.925,0.775,0.2625,0.6,74.81250000000001
148569,0.3975176148971702,0.2917890157839378,,Mirae Asset Tax Saver Fund - Regular - Growth,Mirae Asset MF,1.6,1.2349300257743296,2.1469139263460555,0.2827036785246582,0.018133884083859245,-0.1639674294693263,2023-08-10,2023-10-20,0.825,0.95,0.925,0.1125,0.5,73.6875
101206,0.4792412023860102,0.2896769452874166,,ABSL Frontline Equity Fund - Regular - Growth,Aditya Birla Sun Life MF,1.6,1.0272133278753697,1.7995628746984524,0.21399784776051212,0.02108631625012803,-0.11291596329323073,2023-04-24,2023-07-05,0.8,0.8,0.725,0.1125,0.8,68.1875
119598,0.8277605861507404,0.2666992200118774,,SBI Small Cap Fund - Regular Plan - Growth,SBI Mutual Fund,1.43,0.9453082575156093,1.6753165700125516,0.3033696538698332,-0.023196062044059693,-0.2870600572176455,2024-08-28,2025-05-14,0.725,0.675,1.0,0.5,0.125,67.37499999999999
149323,0.21481222193726257,0.268699908289022,,DSP Midcap Fund - Regular - Growth,DSP Mutual Fund,1.61,1.1321218524747245,1.875101063919208,0.26598577542043045,-0.002523004664699247,-0.17248105753451382,2022-06-06,2022-10-24,0.75,0.875,0.825,0.075,0.475,66.75
149324,0.6513871892998797,0.27000426614519246,,DSP Small Cap Fund - Regular - Growth,DSP Mutual Fund,1.52,0.9497958246616031,1.619793176491409,0.3005787817097677,0.011455159960520708,-0.31171900300634214,2024-05-03,2025-01-03,0.775,0.7,0.975,0.3625,0.1,66.6875
118632,0.339810484550213,0.22652359830098634,,Nippon India Large Cap Fund - Regular - Growth,Nippon India MF,1.51,1.0816591793457044,1.8501325468557264,0.21829397904608644,-0.008353832126962021,-0.17414075086657232,2024-01-02,2024-07-19,0.675,0.825,0.75,0.4125,0.45,66.56250000000001
119552,0.05706100044974027,0.16267372294624916,,SBI Bluechip Fund - Direct Plan - Growth,SBI Mutual Fund,0.66,0.9532794968660103,1.609776489628308,0.1986859936686296,-0.026159307513513405,-0.11803493502764295,2024-05-21,2024-09-02,0.45,0.725,0.65,0.925,0.75,66.00000000000001
125497,0.2867535802656873,0.18434488610520172,,HDFC Top 100 Fund - Direct Plan - Growth,HDFC Mutual Fund,0.92,0.7757902498211207,1.3306512447571366,0.17729754927531766,0.04882040425957739,-0.15200013055606398,2023-12-22,2025-01-01,0.55,0.575,0.625,0.675,0.575,59.24999999999999
118635,0.22493224932249345,0.20008208380471482,,Nippon India ETF Nifty 50 BeES,Nippon India MF,0.89,0.6648569985490619,1.137976718780742,0.1513635464823924,-0.001433521389780133,-0.1165062450540909,2022-01-03,2022-06-09,0.6,0.55,0.45,0.7,0.775,59.00000000000001
118633,0.25539980483954094,0.2108997654925684,,Nippon India Large Cap Fund - Direct - Growth,Nippon India MF,0.72,0.6452074382933215,1.1544757169236237,0.15643835948169668,-0.03663900671860934,-0.18629743138595511,2023-10-30,2024-02-29,0.65,0.5,0.475,0.8875,0.375,58.56249999999999
102885,0.20207703983094838,0.1966726206830185,,UTI Nifty 50 Index Fund - Regular - Growth,UTI Mutual Fund,1.57,0.8170993373494368,1.4357420130649492,0.17048756803412696,-0.019486785689474526,-0.1085986215250232,2022-02-03,2022-03-29,0.575,0.625,0.55,0.175,0.85,54.99999999999999
120503,0.08489081269294418,0.13978381933703043,,ICICI Pru Bluechip Fund - Regular - Growth,ICICI Prudential MF,1.42,0.7979728586052847,1.3379431500669237,0.17703302365844073,-0.0402689523698206,-0.13897862823061635,2023-09-19,2023-11-09,0.4,0.6,0.6,0.525,0.675,53.625
148568,0.14269394138778924,0.14748035533586012,,Mirae Asset Emerging Bluechip Fund - Regular - Growth,Mirae Asset MF,1.52,0.9262873467360146,1.6327409778735162,0.20873010086942337,-0.026387719943843004,-0.1527259422823477,2023-09-05,2024-01-24,0.425,0.65,0.675,0.3625,0.55,53.43750000000001
120506,0.4181904829701364,0.1842199653744454,,ICICI Pru Value Discovery Fund - Regular - Growth,ICICI Prudential MF,1.41,0.6488787755249532,1.0958951614736467,0.1625385327998104,0.04189646272811977,-0.1982565826298267,2023-03-31,2023-08-14,0.525,0.525,0.525,0.55,0.35,51.12500000000001
120507,0.0742505077613469,0.07394286300360076,,ICICI Pru Liquid Fund - Regular - Growth,ICICI Prudential MF,0.74,0.4957233929533124,1.0521238822609293,0.06746210411099539,-0.0004440926329707234,-0.0009773140045925555,2025-10-16,2025-10-20,0.3,0.45,0.25,0.85,1.0,48.0
119093,0.197667410165155,0.20816771175535864,,Axis Bluechip Fund - Direct - Growth,Axis Mutual Fund,0.75,0.12961449795669325,0.22108683979276347,0.08232801295222093,0.02588321244009315,-0.21751396370148224,2022-02-24,2023-05-22,0.625,0.3,0.325,0.825,0.25,47.625
102887,0.135831349444816,0.25556187904126526,,UTI Flexi Cap Fund - Regular - Growth,UTI Mutual Fund,1.64,0.6195175900829828,1.0887552508030014,0.16211256794033255,0.016682689437770827,-0.21539827112383225,2022-01-03,2022-07-04,0.7,0.475,0.5,0.0375,0.275,46.1875
149322,0.1811115252275146,0.18044206486636138,,DSP Top 100 Equity Fund - Regular - Growth,DSP Mutual Fund,1.54,0.4640374492204777,0.7621288703723165,0.13173190226099432,-0.004050271130006534,-0.14844576917771746,2022-01-03,2022-02-04,0.5,0.4,0.425,0.2625,0.625,43.6875
125498,0.15443720834451846,0.11245222866621418,,HDFC Mid-Cap Opportunities Fund - Direct - Growth,HDFC Mutual Fund,0.78,0.3006119210425478,0.508812819716923,0.11989100971217971,0.009054412621739154,-0.21117279560132118,2025-04-04,2025-09-12,0.375,0.35,0.375,0.775,0.3,42.125
120844,0.07120323042122512,0.06695971624586994,,Kotak Liquid Fund - Regular - Growth,Kotak Mahindra MF,0.6,-0.08874729621557331,-0.1877230477424232,0.06455677495375998,-0.00040074423947840013,-0.0011629327956168556,2024-04-12,2024-04-30,0.275,0.175,0.225,0.95,0.975,41.125
120841,0.16837098075385626,0.1726727508371786,,Kotak Bluechip Fund - Regular - Growth,Kotak Mahindra MF,1.59,0.49427253786723496,0.8625738849916581,0.13042924450705445,0.036356399022199795,-0.1757361416468729,2024-01-09,2025-02-14,0.475,0.425,0.4,0.15,0.425,39.375
118634,0.15811221971300937,0.08007927728656083,,Nippon India Small Cap Fund - Regular - Growth,Nippon India MF,1.53,0.4484340089089914,0.7460146308533572,0.1750072167561127,0.1034966369133759,-0.2334488614483311,2025-04-09,2026-02-20,0.35,0.375,0.575,0.3125,0.225,38.3125
118636,0.10454939683040276,0.040622050237771434,,Nippon India Gilt Securities Fund - Regular - Growth,Nippon India MF,0.55,-0.356629507514368,-0.6135251287271027,0.05074772999976104,0.0012566742731558458,-0.08316361763638702,2023-02-09,2024-02-09,0.2,0.075,0.15,1.0,0.875,34.625
119120,0.055219955107626895,0.05840358798463097,,SBI Magnum Gilt Fund - Regular Plan - Growth,SBI Mutual Fund,0.77,-0.22657538662791596,-0.3767670081706672,0.05620895216638369,-0.006413850728276477,-0.04328728923970093,2024-09-16,2025-04-01,0.225,0.1,0.175,0.8,0.9,33.75
101208,0.0723664530138024,0.06315784491375509,,ABSL Liquid Fund - Regular - Growth,Aditya Birla Sun Life MF,0.79,-0.8155673679088278,-1.6810378667512837,0.060861457957871144,0.00026670968338238433,-0.0016224980244717857,2023-09-05,2023-09-12,0.25,0.025,0.2,0.75,0.95,32.875
100025,0.03704968580461343,0.039163899571040384,,HDFC Short Term Debt Fund - Regular - Growth,HDFC Mutual Fund,0.56,-0.5670947928476847,-0.9418212366054207,0.042817920315060876,0.0011582183155281463,-0.04308263824636349,2023-05-23,2023-07-28,0.175,0.05,0.075,0.975,0.925,31.875000000000004
120842,0.2250195657587366,0.07756003551327284,,Kotak Emerging Equity Fund - Regular - Growth,Kotak Mahindra MF,1.56,0.07599984804658917,0.12469346986475664,0.0780443887615508,0.01805687420811816,-0.24003511326274884,2023-11-09,2024-10-17,0.325,0.275,0.3,0.2,0.2,27.625
119599,0.1394780335518997,-0.01337386614488112,,SBI Small Cap Fund - Direct Plan - Growth,SBI Mutual Fund,0.72,-0.05718662582817997,-0.09438726129459607,0.048824215945539845,0.06200180438267168,-0.5257422117012851,2023-01-17,2025-10-28,0.075,0.225,0.125,0.8875,0.025,23.9375
119092,0.016091186722522632,0.005258871209757432,,Axis Bluechip Fund - Regular - Growth,Axis Mutual Fund,1.64,0.030784850954585913,0.05257398559304797,0.0689952982167755,0.009730745001153637,-0.1440161790933726,2023-10-12,2025-02-07,0.125,0.25,0.275,0.0375,0.65,22.562500000000004
101207,-0.23986031710270628,-0.04152381044854481,,ABSL Small Cap Fund - Regular - Growth,Aditya Birla Sun Life MF,1.53,0.1626607692864677,0.27664379626092334,0.10897091901704538,-0.06528924788351524,-0.3544691649336603,2024-11-21,2026-05-11,0.05,0.325,0.35,0.3125,0.075,22.0625
119095,-0.427976145588544,-0.11705806723995271,,Axis Small Cap Fund - Regular - Growth,Axis Mutual Fund,1.38,-0.07597357117478923,-0.12818559275851932,0.048015953637759554,-0.066951174639292,-0.5167775370852656,2025-05-22,2026-05-11,0.025,0.2,0.1,0.6,0.05,17.25
100016,-0.02224270997710287,0.01292649342495622,,HDFC Top 100 Fund - Regular Plan - Growth,HDFC Mutual Fund,1.55,-0.2015170675596694,-0.35104746015230903,0.03747580763443281,-0.0582684314388089,-0.24734440880673303,2022-03-30,2022-09-15,0.15,0.15,0.05,0.225,0.175,14.374999999999998
102886,-0.16797480944407306,-0.007674063178547241,,UTI Mid Cap Fund - Regular - Growth,UTI Mutual Fund,1.51,-0.20583160785470314,-0.34722230254727277,0.028969397866379445,-0.04212502902189432,-0.2800112356639287,2025-01-07,2026-04-27,0.1,0.125,0.025,0.4125,0.15,14.3125
